{
    "model_type": "base",
    "timestamp": "20251208012227",
    "dataset": "Credit Card Default",
    "accuracy": 0.7786666666666666,
    "f1_score": 0.5401662049861495,
    "precision": 0.4996796925048046,
    "recall": 0.587792012057272,
    "roc_auc": 0.761138841983909,
    "brier_score": 0.1402577279710502,
    "log_loss": 0.44491818840419356,
    "expected_calibration_error": 0.021643225885676735,
    "calibration_curve": {
        "fraction_of_positives": [
            0.05652759084791386,
            0.13177159590043924,
            0.19832402234636873,
            0.33035714285714285,
            0.42021276595744683,
            0.5901162790697675,
            0.6511627906976745,
            0.6111111111111112,
            0.5
        ],
        "mean_predicted_value": [
            0.08992999337654062,
            0.12211431398175411,
            0.24213236259429724,
            0.3479561336728846,
            0.46151852081014483,
            0.5451056300182998,
            0.6396194182788552,
            0.724208111087173,
            0.8194493839777207
        ]
    },
    "prediction_distribution": {
        "min_probability": 0.04479013498888624,
        "max_probability": 0.8377555229928458,
        "mean_probability": 0.22083242443375803,
        "median_probability": 0.12119950404434046,
        "std_probability": 0.17509147585671167
    },
    "calibration_gap": 0.0003342422329086492,
    "overconfidence": {
        "extreme_low_pct": 12.383333333333333,
        "extreme_high_pct": 0.0,
        "total_extreme_pct": 12.383333333333333
    }
}