{
    "model_type": "calibrated",
    "timestamp": "20251204012144",
    "dataset": "Credit Card Default",
    "accuracy": 0.8081666666666667,
    "f1_score": 0.4913831197525409,
    "precision": 0.594017094017094,
    "recall": 0.4189902034664657,
    "roc_auc": 0.7611477920507602,
    "brier_score": 0.14031930425470404,
    "log_loss": 0.4451183040388009,
    "expected_calibration_error": 0.014996703162278047,
    "calibration_curve": {
        "fraction_of_positives": [
            0.06619385342789598,
            0.12374763065258597,
            0.1974025974025974,
            0.3130434782608696,
            0.4144144144144144,
            0.581989247311828,
            0.6491228070175439,
            0.6,
            0.5
        ],
        "mean_predicted_value": [
            0.08969012465300201,
            0.12554638165562076,
            0.2420824064539085,
            0.3470094815578781,
            0.4568822177224535,
            0.543359433863218,
            0.6390133639846217,
            0.7256046961562046,
            0.8149094399763931
        ]
    },
    "prediction_distribution": {
        "min_probability": 0.04706042873783997,
        "max_probability": 0.8330735508881372,
        "mean_probability": 0.22600693784081283,
        "median_probability": 0.12770737874683513,
        "std_probability": 0.17290860333644392
    },
    "calibration_gap": 0.004840271174146149,
    "overconfidence": {
        "extreme_low_pct": 7.049999999999999,
        "extreme_high_pct": 0.0,
        "total_extreme_pct": 7.049999999999999
    }
}