{
    "model_type": "base",
    "timestamp": "20260127014249",
    "dataset": "Credit Card Default",
    "accuracy": 0.7786666666666666,
    "f1_score": 0.5401662049861495,
    "precision": 0.4996796925048046,
    "recall": 0.587792012057272,
    "roc_auc": 0.761138841983909,
    "brier_score": 0.14025772797105038,
    "log_loss": 0.44491818840419434,
    "expected_calibration_error": 0.021643225885676787,
    "calibration_curve": {
        "fraction_of_positives": [
            0.05652759084791386,
            0.13177159590043924,
            0.19832402234636873,
            0.33035714285714285,
            0.42021276595744683,
            0.5901162790697675,
            0.6511627906976745,
            0.6111111111111112,
            0.5
        ],
        "mean_predicted_value": [
            0.08992999337654102,
            0.12211431398175371,
            0.2421323625942937,
            0.3479561336728886,
            0.4615185208101474,
            0.5451056300183018,
            0.6396194182788564,
            0.7242081110871808,
            0.8194493839777387
        ]
    },
    "prediction_distribution": {
        "min_probability": 0.044790134988891075,
        "max_probability": 0.83775552299283,
        "mean_probability": 0.2208324244337583,
        "median_probability": 0.12119950404435977,
        "std_probability": 0.17509147585671272
    },
    "calibration_gap": 0.00033424223290837163,
    "overconfidence": {
        "extreme_low_pct": 12.383333333333333,
        "extreme_high_pct": 0.0,
        "total_extreme_pct": 12.383333333333333
    }
}